id;smoking;weight;size;i_mc;hbiac;baseline_functional_capacity;l_dl;h_dl;cardiovascular_risk;deleted
1;Global Handmade Fresh Gloves Soft;virtual Configuration GB;hack;whiteboard database;Home Loan Account GB Regional;Pants harness asymmetric;invoice HDD;Refined Frozen Table;connecting;false
2;Soft conglomeration;Ergonomic Tala;Bahraini Dinar Creative;ubiquitous utilize functionalities;Maryland Multi-layered;Ergonomic Liaison;infomediaries Hungary;Steel;teal migration cross-platform;false
3;leverage extranet function;hacking transmitter Incredible Cotton Towels;Branding overriding;COM utilize;Checking Account extensible Tuna;Sausages;leading-edge Credit Card Account unleash;Manager Rustic Wooden Ball Engineer;Auto Loan Account Response;true
4;generate;Auto Loan Account Bouvet Island (Bouvetoya);payment digital Frozen;Steel front-end Usability;transition Garden salmon;compress;invoice Associate;Home Lead;multi-state;false
5;neural;Shoes Toys Handmade Fresh Chicken;Street dot-com e-services;Strategist payment;infrastructures;Tanzanian Shilling Forward Fantastic;bus;methodology Buckinghamshire Refined Plastic Bike;Granite;true
6;Pizza Associate National;Ball Synchronised Division;Tools;Investment Account;Plastic;Directives;Optimization;optimize Square Lock;Fresh invoice CFA Franc BCEAO;true
7;Managed;Squares;homogeneous invoice;Global;Fantastic Metal Tuna Grove;complexity silver Bedfordshire;Credit Card Account Home Loan Account;Money Market Account;calculating;false
8;Assurance;connecting invoice;white Future back up;3rd generation Berkshire;optimize index robust;Applications out-of-the-box;Faroe Islands;Innovative;feed;true
9;olive;Officer Chips Somali Shilling;unleash FTP;Fantastic Integration Streets;Metical;project Tools;Points;Sausages Orchestrator;payment Personal Loan Account FTP;true
10;experiences parse;Tactics;Orchestrator;Movies monitor;Mobility ivory;Facilitator;Soft;system synergy synergistic;Investment Account withdrawal;true
