id;name;creation_date;program_status;deleted
1;Mission Rand Soap;2019-11-11T11:58:38;22384;false
2;Pants even-keeled Chair;2019-11-11T14:27:48;54871;false
3;Island cyan;2019-11-11T07:50:59;12874;true
4;Lempira;2019-11-11T15:38:55;9229;true
5;Credit Card Account Sleek;2019-11-10T19:37:36;15697;true
6;Small Plastic Pizza primary;2019-11-10T22:38:03;59727;false
7;sky blue cultivate Bedfordshire;2019-11-11T01:45:15;75995;false
8;Roads bypass;2019-11-11T15:42:43;14773;false
9;feed;2019-11-10T19:06:27;84444;true
10;Antarctica (the territory South of 60 deg S) Refined Inlet;2019-11-11T03:48:34;39716;false
